<?xml version="1.0" encoding="UTF-8"?><rss version="2.0"
	xmlns:content="http://purl.org/rss/1.0/modules/content/"
	xmlns:wfw="http://wellformedweb.org/CommentAPI/"
	xmlns:dc="http://purl.org/dc/elements/1.1/"
	xmlns:atom="http://www.w3.org/2005/Atom"
	xmlns:sy="http://purl.org/rss/1.0/modules/syndication/"
	xmlns:slash="http://purl.org/rss/1.0/modules/slash/"
	>

<channel>
	<title>Новости &#8212; Seneca Corporate</title>
	<atom:link href="/category/%D0%BD%D0%BE%D0%B2%D0%BE%D1%81%D1%82%D0%B8/feed/" rel="self" type="application/rss+xml" />
	<link></link>
	<description></description>
	<lastBuildDate>Tue, 05 Mar 2024 12:38:11 +0000</lastBuildDate>
	<language>ru-RU</language>
	<sy:updatePeriod>
	hourly	</sy:updatePeriod>
	<sy:updateFrequency>
	1	</sy:updateFrequency>
	<generator>https://wordpress.org/?v=6.4.3</generator>

<image>
	<url>/wp-content/uploads/2022/11/cropped-favicon-1-32x32.png</url>
	<title>Новости &#8212; Seneca Corporate</title>
	<link></link>
	<width>32</width>
	<height>32</height>
</image> 
	<item>
		<title>Seneca Corporate</title>
		<link>/2024/03/02/seneca-corporate/</link>
		
		<dc:creator><![CDATA[admin]]></dc:creator>
		<pubDate>Sat, 02 Mar 2024 11:48:31 +0000</pubDate>
				<category><![CDATA[Новости]]></category>
		<guid isPermaLink="false">/?p=442</guid>

					<description><![CDATA[Seneca Corporate привносит в мир финансовых операций передовые технологии и профессиональный подход к обслуживанию клиентов. Их торговая платформа обеспечивает быстрый и стабильный доступ к мировым рынкам, а разнообразие финансовых инструментов открывает широкие перспективы для диверсификации портфеля. Основные характеристики Seneca Corporate включают в себя широкий выбор торговых активов, включая валютные пары, сырьевые товары и индексы. Биржа [&#8230;]]]></description>
										<content:encoded><![CDATA[
<p>Seneca Corporate привносит в мир финансовых операций передовые технологии и профессиональный подход к обслуживанию клиентов. Их торговая платформа обеспечивает быстрый и стабильный доступ к мировым рынкам, а разнообразие финансовых инструментов открывает широкие перспективы для диверсификации портфеля.</p>



<p>Основные характеристики Seneca Corporate включают в себя широкий выбор торговых активов, включая валютные пары, сырьевые товары и индексы. Биржа также предлагает передовые аналитические инструменты, обеспечивая трейдерам всю необходимую информацию для принятия обоснованных решений.</p>



<p>Одним из преимуществ Seneca Corporate является также высокий уровень безопасности и регулирования, что придает доверие клиентам. Команда профессионалов с богатым опытом в финансовой сфере гарантирует качественное обслуживание и поддержку.</p>



<p>Таким образом, Seneca Corporate становится привлекательным выбором для трейдеров, желающих не только эффективно вести торговлю, но и иметь дело с инновационной платформой, ориентированной на потребности современного финансового рынка.</p>
]]></content:encoded>
					
		
		
			</item>
		<item>
		<title>IG</title>
		<link>/2022/11/08/ig/</link>
		
		<dc:creator><![CDATA[admin]]></dc:creator>
		<pubDate>Tue, 08 Nov 2022 20:27:06 +0000</pubDate>
				<category><![CDATA[Новости]]></category>
		<guid isPermaLink="false">https://export.mercurytheme.com/001/?p=175</guid>

					<description><![CDATA[IG Group Holdings, известная как IG Group, возникла в Великобритании и предоставляет услуги онлайн-торговли, позволяющие пользователям участвовать в ставках на спред и торговле CFD. Эти платформы позволяют людям спекулировать на движении цен на акции, облигации и валюты, не имея реальных активов. Основанная в 1974 году Стюартом Уилером, ее штаб-квартира находится в Лондоне, а ее команда [&#8230;]]]></description>
										<content:encoded><![CDATA[
<p>IG Group Holdings, известная как IG Group, возникла в Великобритании и предоставляет услуги онлайн-торговли, позволяющие пользователям участвовать в ставках на спред и торговле CFD. Эти платформы позволяют людям спекулировать на движении цен на акции, облигации и валюты, не имея реальных активов.</p>



<p>Основанная в 1974 году Стюартом Уилером, ее штаб-квартира находится в Лондоне, а ее команда насчитывает 1,950 человек.</p>



<p>Фирма оценивается примерно в 2.9 миллиарда фунтов стерлингов и имеет возможность торговать на 17,000 250 финансовых рынках. Компания работает под надзором Управления финансового надзора Великобритании (FCA). Кроме того, акции публично торгуются на Лондонской фондовой бирже и входят в индекс FTSE XNUMX.</p>



<p>Откройте инвестиционный счет и используйте платформу IG, чтобы извлечь выгоду из изменений стоимости валюты. Они предлагают торговые возможности по всем основным мировым валютным парам, включая AUD/USD, EUR/CHF, EUR/GBP, EUR/JPY, EUR/USD, GBP/EUR, GBP/JPY, GBP/USD, USD/CAD, USD/CHF. и доллар/иена. Они также предлагают торговые возможности в более мелких валютах, таких как SGD, ZAR, INR, BRL, IDR, PHP, TWD и многих других.</p>



<p>Они также предлагают доступ к возможностям более чем 13,000 XNUMX акций и ETF.</p>



<p>Покупайте и продавайте тысячи глобальных акций и ETF. Торгуйте акциями США с комиссией 0 фунтов стерлингов и акциями Великобритании всего с комиссией 3 фунта стерлингов. Кроме того, заплатите всего 0.5% за конвертацию Forex (FX).</p>



<p>Другой вариант — «умные портфели»: инвестируйте через портфель, разработанный крупнейшим в мире управляющим активами BlackRock. IG отслеживает и управляет им на основе ваших целей и профиля риска, за небольшую часть затрат традиционных управляющих активами.</p>



<p>Трейдеры CFD получают наибольшую выгоду, поскольку это поставщик CFD №1 в мире. Созданные для трейдеров, которые хотят воспользоваться преимуществами растущих и падающих рынков, они предлагают гибкий доступ к более чем 17,000 XNUMX+ мировых рынков, включая акции и криптовалюты, с надежным исполнением.</p>
]]></content:encoded>
					
		
		
			</item>
	</channel>
</rss>
